Rank,Title,Artist,Album
1,"Harmony","카더가든","https://i.scdn.co/image/ab67616d0000b2732c2ac071eb408cf0cc33177e"
2,"네 번의 여름","카더가든","https://i.scdn.co/image/ab67616d0000b2732c2ac071eb408cf0cc33177e"
3,"내일의 우리","카더가든","https://i.scdn.co/image/ab67616d0000b2732c2ac071eb408cf0cc33177e"
4,"오래된 일","카더가든","https://i.scdn.co/image/ab67616d0000b2732c2ac071eb408cf0cc33177e"
5,"내겐 그 아무도 없을 거야","카더가든","https://i.scdn.co/image/ab67616d0000b2732c2ac071eb408cf0cc33177e"
6,"Foolish World","카더가든","https://i.scdn.co/image/ab67616d0000b2732c2ac071eb408cf0cc33177e"
7,"My Old Friend","카더가든","https://i.scdn.co/image/ab67616d0000b2732c2ac071eb408cf0cc33177e"
8,"의연한 악수","카더가든","https://i.scdn.co/image/ab67616d0000b273956e5ad1d9ae34dd548aaa62"
9,"A Kid From Bathroom","카더가든","https://i.scdn.co/image/ab67616d0000b273956e5ad1d9ae34dd548aaa62"
10,"꿈을 꿨어요","카더가든","https://i.scdn.co/image/ab67616d0000b273956e5ad1d9ae34dd548aaa62"
11,"유영 (feat. 유라)","카더가든","https://i.scdn.co/image/ab67616d0000b273956e5ad1d9ae34dd548aaa62"
12,"Tallguy","카더가든","https://i.scdn.co/image/ab67616d0000b273956e5ad1d9ae34dd548aaa62"
13,"비었다","카더가든","https://i.scdn.co/image/ab67616d0000b273956e5ad1d9ae34dd548aaa62"
14,"면허없음","카더가든","https://i.scdn.co/image/ab67616d0000b273956e5ad1d9ae34dd548aaa62"
15,"간격","카더가든","https://i.scdn.co/image/ab67616d0000b273956e5ad1d9ae34dd548aaa62"
16,"202 (DEMO)","카더가든","https://i.scdn.co/image/ab67616d0000b273956e5ad1d9ae34dd548aaa62"
17,"섬으로 가요 (Feat. 오혁)","카더가든","https://i.scdn.co/image/ab67616d0000b2739a4d16624132929793f2f872"
18,"그저 그런 날","카더가든","https://i.scdn.co/image/ab67616d0000b2739a4d16624132929793f2f872"
19,"Lost 2 (Feat. 선우정아)","카더가든","https://i.scdn.co/image/ab67616d0000b2739a4d16624132929793f2f872"
20,"Home Sweet Home","카더가든","https://i.scdn.co/image/ab67616d0000b2739a4d16624132929793f2f872"
